{"train_loss": 9.612067222595215, "global_step": 6, "_timestamp": 1710097639.9728513, "_runtime": 43.32356023788452, "_step": 6}