{"train_loss": 7.889118671417236, "global_step": 40, "_timestamp": 1710097886.178994, "_runtime": 103.23743486404419, "_step": 40, "_wandb": {"runtime": 103}}