{"train_loss": 10.024185180664062, "global_step": 0, "_timestamp": 1710097630.8251343, "_runtime": 29.126320362091064, "_step": 0}